{"aaa": 10.111, "bbb": 8.995020151138306, "ccc": 8.27996039390564, "ddd": 6.810960054397583, "\u314e\u314e": 10.837372303009033}